"scope","scenario","seed","days","firstFriendDay","firstBondDay","directedFriends","activeBondPairs","isolated","living","factions","buildings"
"controlled","cluster_idle","11","180","29","66","114","18","0","","",""
"controlled","cluster_idle","22","180","35","72","120","15","0","","",""
"controlled","cluster_idle","33","180","27","59","92","29","0","","",""
"controlled","cluster_idle","44","180","24","91","114","18","0","","",""
"controlled","cluster_idle","55","180","23","62","108","21","0","","",""
"controlled","cluster_idle","66","180","36","92","122","14","0","","",""
"controlled","cluster_busy","11","180","37",,"30","0","0","","",""
"controlled","cluster_busy","22","180","36",,"35","0","0","","",""
"controlled","cluster_busy","33","180","36",,"65","0","0","","",""
"controlled","cluster_busy","44","180","36",,"45","0","0","","",""
"controlled","cluster_busy","55","180","35",,"65","0","0","","",""
"controlled","cluster_busy","66","180","36",,"40","0","0","","",""
"controlled","separated","11","180",,,"0","0","30","","",""
"controlled","separated","22","180",,,"0","0","30","","",""
"controlled","separated","33","180",,,"0","0","30","","",""
"controlled","separated","44","180",,,"0","0","30","","",""
"controlled","separated","55","180",,,"0","0","30","","",""
"controlled","separated","66","180",,,"0","0","30","","",""
"integration","AI_survival","11","60","57",,"3","0","0","30","1","9"
"integration","AI_survival","22","60",,,"0","0","0","30","1","9"
"integration","AI_survival","33","60","60",,"1","0","0","30","2","15"
